---
layout: nil
---
<?xml version="1.0" encoding="utf-8"?>
<feed xmlns="http://www.w3.org/2005/Atom">
 
 <title>RabbitMQ in Action - The RabbitMQ Book</title>
 <link href="http://rabbitmqinaction.com/atom.xml" rel="self"/>
 <link href="http://rabbitmqinaction.com/"/>
 <updated>{{ site.time | date_to_xmlschema }}</updated>
 <id>http://rabbitmqinaction.com/</id>
 <author>
   <name>RabbitMQ in Action</name>
   <email>alvaro@rabbitmqinaction.com</email>
 </author>
 
 {% for post in site.posts %}
 <entry>
   <title>{{ post.title }}</title>
   <link href="http://rabbitmqinaction.com{{ post.url }}"/>
   <updated>{{ post.date | date_to_xmlschema }}</updated>
   <id>http://rabbitmqinaction.com{{ post.id }}</id>
   <content type="html">{{ post.content | xml_escape }}</content>
 </entry>
 {% endfor %}
 
</feed>